{"2": [0.0054294808640402, 5.03924969786252e-05], "3": [0.0083081877126548, 0.000389194108939], "7": [0.0074549531135894, 0.0003117973541211], "9": [0.001637731069861, 2.04300010107633e-14], "10": [0.0016378165351926, 9.61362778480313e-11], "11": [0.0125173030865248, 0.0006454725729112], "12": [0.0078969211339176, 0.0004545363695398], "14": [0.0047903821738098, 6.10715623475572e-05], "15": [0.0216320253569869, 0.0011358787559961], "17": [0.0115760176262816, 0.0009077456962499], "18": [0.0048413669661403, 0.0001214801276513], "19": [0.0172622618195844, 0.0012118790783375], "20": [0.0111116410304898, 0.0007577626433039], "21": [0.0141183481006717, 0.0005956191896515], "22": [0.0016437495852171, 2.76584442532214e-08], "23": [0.0151074280438344, 0.0010231922319283], "24": [0.0185536604685237, 0.0011941963321749], "25": [0.0016653982179302, 2.50364433965295e-07], "26": [0.0085901229715236, 0.000313526795301], "27": [0.0023777628760642, 1.18485479366175e-05], "28": [0.0056553831899113, 0.0001842925048701], "32": [0.0155212189258934, 0.0007592519038031], "33": [0.0451573342639019, 0.003581839892103], "35": [0.02012491989712, 0.0007777240480688], "36": [0.0132971517274023, 0.000478116039754], "37": [0.0139227497251126, 0.0003059661072175], "39": [0.0269719072106401, 0.0014754553676379], "40": [0.0197460569984741, 0.0005707659226071], "41": [0.0076288467839254, 0.0004336263668367], "42": [0.0033632108754227, 3.45040527111325e-05], "43": [0.0095442528579674, 0.0004824817738659], "44": [0.0430766862747232, 0.0019941660923987], "45": [0.0022541320367798, 0.0001180045844748], "46": [0.0080637228979373, 0.0001509380553171], "51": [0.0246283589986183, 0.0016853073319607], "52": [0.0137631705406685, 0.0006775147705282], "53": [0.018337527593075, 0.000567067319981], "54": [0.0134961058723009, 0.0006855283473778], "55": [0.0134235905158835, 0.0004651555689365], "57": [0.0130372867827323, 0.0003625381326067], "58": [0.0062082405548383, 0.0003829463136969], "59": [0.0122265058106025, 0.0015626272791377], "60": [0.0046714119554466, 0.0001253804179045], "61": [0.0034214257987286, 0.0001228658837847], "63": [0.0059532776183626, 0.0001437786462967], "65": [0.0192979013972085, 0.0007056576208617], "66": [0.0073450768950654, 0.0001634306737457], "68": [0.0043749967868995, 9.97882255517406e-05], "70": [0.009163928034659, 0.0004727258749449], "72": [0.0108567809346021, 0.0004879590179077], "74": [0.0047164121142871, 9.77081253524597e-05], "75": [0.0242906678673219, 0.001139569374681], "76": [0.001754463711786, 1.35655799068571e-06], "77": [0.0065992377385328, 0.0001649905462903], "78": [0.0244340632857787, 0.0013562502798121], "80": [0.0160793470276009, 0.0009176281178758], "83": [0.0038370143259371, 0.000115937556826], "84": [0.0085521982491717, 0.000344131618424], "85": [0.0306738844004109, 0.001770973469651], "88": [0.0233045175848816, 0.0014808343927127], "89": [0.002149335545493, 1.76652878826995e-05], "90": [0.0185225711321749, 0.0006009153469784], "92": [0.0053374761710307, 9.5227159278201e-05], "93": [0.009517158037111, 0.0005695232591261], "95": [0.0087974959437694, 0.0002255941247448], "96": [0.008196056335997, 0.0003218110484627], "97": [0.0016378467743869, 2.24319934516861e-10], "99": [0.0093248910183948, 0.0003647469690719], "100": [0.0016411439435932, 1.25126841735281e-08], "103": [0.0173906808426549, 0.0011406698492732], "105": [0.0174712481461306, 0.000516574082912], "106": [0.0219906453663558, 0.0008589603603009], "109": [0.0254535603669463, 0.001354903816157], "110": [0.0164580182356613, 0.0008582565550782], "111": [0.0246189817362225, 0.0022223769066151], "112": [0.0094499841577648, 0.000204438155971], "113": [0.0209779488873801, 0.0011157545221644], "118": [0.0083358940055038, 0.0003580193093518], "119": [0.0501498776550853, 0.0029393654789186], "120": [0.0229619050948005, 0.0012571296916541], "121": [0.0124886132671933, 0.00054260052009], "122": [0.0192574842971072, 0.0007025214340016], "124": [0.0298398538766849, 0.0029288398162279], "126": [0.0142891026062148, 0.0006569499944547], "128": [0.0188464675433187, 0.0011204466134494], "130": [0.0208795590554591, 0.001254348649669], "133": [0.0094321040232351, 0.0013468647402411], "135": [0.0169145171749612, 0.000749143412269], "136": [0.004159508807143, 4.37558285425133e-05], "137": [0.0291894841111496, 0.0015164300550776], "138": [0.0043390074566492, 0.00011911134128], "139": [0.0196427410231043, 0.0010809798580798], "140": [0.005327181734416, 4.78590190786618e-05], "144": [0.0154231765195408, 0.0010359067881994], "147": [0.0158241474554992, 0.0008529927948939], "148": [0.0081400501738675, 0.0002659582484447], "152": [0.0643181932932046, 0.0050197585106918], "153": [0.0046702408086628, 0.0003825320792359], "155": [0.0155322045095144, 0.0006434668138899], "157": [0.0016398522513656, 1.19241839123943e-06], "161": [0.0331434633587097, 0.0017687664364174], "162": [0.016159997808171, 0.0011974122198388], "163": [0.014956370060007, 0.0007354098566763], "165": [0.0115075819238676, 0.0012144756485467], "166": [0.0163773657209844, 0.0008521139146457], "167": [0.012607099323678, 0.0004633944690931], "169": [0.0127679343014954, 0.0005677624054679], "171": [0.0141794773041632, 0.0011974009521532], "174": [0.0169039635137478, 0.0013599699044481], "175": [0.0016378197238009, 7.350311510362209e-11], "176": [0.0038035427271691, 5.11214970623086e-05], "177": [0.0016811872706321, 1.37353125951422e-07], "181": [0.0030918540964889, 2.01636765405654e-05], "182": [0.0151546866949166, 0.0007078537673546], "183": [0.0135111266089662, 0.0004855484796626], "185": [0.0220468282706887, 0.0009382237725182], "187": [0.027426150245645, 0.0011060366819454], "189": [0.0193658208518592, 0.0010216421283375], "190": [0.0092447357451422, 0.0004179852841504], "191": [0.0159905674691903, 0.0007789796632791], "194": [0.0034621935916373, 2.7923227865165e-05], "195": [0.026554655417576, 0.0014275598709567], "196": [0.0067273801080407, 0.0001954727993676], "197": [0.0163118136914225, 0.0012242022188664], "199": [0.0290776910763332, 0.0012791959519811], "200": [0.0021449120560015, 0.000710199642297], "201": [0.0092304001537008, 0.0004190104696113], "203": [0.0056933731394601, 0.0001726524224998], "206": [0.0088876893825752, 0.0002252401185205], "207": [0.0272349916309359, 0.0018675613335872], "208": [0.0118640363469496, 0.000452783311716], "209": [0.0045484609152964, 0.0001420000916135], "210": [0.0184674728340691, 0.0010724246773243], "211": [0.0050811633185817, 0.0003063703479992], "212": [0.0080469213510486, 0.0003454692090455], "213": [0.0142328285560715, 0.0014625880776458], "215": [0.0175543740174879, 0.0008664729444613], "216": [0.0077663644416387, 0.000313153022997], "217": [0.0075098059030803, 0.0008493015895741], "218": [0.0059456953200783, 0.0004017112661795], "219": [0.0127790745853604, 0.0005843031319166], "220": [0.0094443081775945, 0.0003508324063726], "223": [0.0053184980954215, 0.0001803609317951], "224": [0.0082883950053083, 0.0002680726778153], "225": [0.0018350421320497, 5.62854086754069e-07], "228": [0.0036377727310104, 3.98751897138343e-05], "229": [0.0089899296103655, 0.0003849912781548], "230": [0.0053026476750381, 0.0001120952546504], "233": [0.01795004835806, 0.0011909230729236], "235": [0.0145051088327621, 0.0005537479307802], "236": [0.0046116361928594, 0.0003352712943906], "241": [0.0143663569183097, 0.0008209168336718], "242": [0.0069713984553546, 0.0002824164601029], "243": [0.0303521902505398, 0.0014345501186982], "244": [0.0133733572382379, 0.0006131331163442], "245": [0.0056860381696936, 0.0001552442867627], "246": [0.0110890705291133, 0.0004865089348098], "247": [0.0092126315385848, 0.0005751054256407], "249": [0.0200065622456391, 0.0016276240310887], "250": [0.0179136582044543, 0.0009252577469464], "251": [0.010720834189435, 0.0002221799146045], "252": [0.0075055784623906, 0.0013685941858913], "254": [0.0092698413298334, 0.0005101214874334], "255": [0.0164739837002566, 0.0007949056957045]}