set_name,nb_OMS,nb_IMS,OMS_percent,IMS_percent,acc_total,acc_OMS,acc_IMS
svhn,22827,3205,0.8768822987092809,0.1231177012907191,0.1155885064535955,0.114688745783502,0.121996879875195
dtd,1368,512,0.7276595744680852,0.2723404255319149,0.0973404255319149,0.0972222222222222,0.09765625
places,30392,6108,0.8326575342465753,0.1673424657534246,0.0994246575342465,0.0998289023427217,0.0974132285527177
