set_name,nb_OMS,nb_IMS,OMS_percent,IMS_percent,acc_total,acc_OMS,acc_IMS
cw,8714,1286,0.8714,0.1286,0.0523,0.0529033738811108,0.0482115085536547
df,9193,807,0.9193,0.0807,0.0932,0.0931143261176982,0.094175960346964
fg,5525,4475,0.5525,0.4475,0.1178,0.1181900452488687,0.1173184357541899
jsma,9747,253,0.9747,0.0253,0.005,0.004514209500359,0.0237154150197628
