set_name,nb_OMS,nb_IMS,OMS_percent,IMS_percent,acc_total,acc_OMS,acc_IMS
svhn,22962,3070,0.8820682237246465,0.1179317762753534,0.1155885064535955,0.1144064105914118,0.1244299674267101
dtd,1335,545,0.7101063829787234,0.2898936170212766,0.0973404255319149,0.098876404494382,0.0935779816513761
places,30119,6381,0.8251780821917808,0.1748219178082191,0.0994246575342465,0.0998373119957501,0.0974768845008619
