set_name,nb_OMS,nb_IMS,OMS_percent,IMS_percent,acc_total,acc_OMS,acc_IMS
cw,8714,1286,0.8714,0.1286,0.0523,0.052903374,0.048211509
df,9193,807,0.9193,0.0807,0.0932,0.093114326,0.09417596
fg,5525,4475,0.5525,0.4475,0.1178,0.118190045,0.117318436
jsma,9747,253,0.9747,0.0253,0.005,0.00451421,0.023715415
auto,10,9990,0.001,0.999,0.0333,0,0.033333333
