set_name,nb_OMS,nb_IMS,OMS_percent,IMS_percent,acc_total,acc_OMS,acc_IMS
train,2279,42721,0.0506444444444444,0.9493555555555556,0.9977555555555556,0.9670908293111014,0.9993914000140446
test,1381,8619,0.1381,0.8619,0.9378,0.6835626357711803,0.978535793015431
