set_name,nb_OMS,nb_IMS,OMS_percent,IMS_percent,acc_total,acc_OMS,acc_IMS
train,8535,91465,0.08535,0.91465,0.9481,0.6720562390158172,0.9738588531132129
test,1155,8845,0.1155,0.8845,0.8979,0.529004329004329,0.9460712266817412
