set_name,nb_OMS,nb_IMS,OMS_percent,IMS_percent,acc_total,acc_OMS,acc_IMS
train,8471,91529,0.08471,0.91529,0.9481,0.6770157006256641,0.9731888253996002
test,1146,8854,0.1146,0.8854,0.8979,0.5270506108202443,0.9459001581206234
