{"0": [0.0260286736370824, 0.0017115595540013], "1": [0.0128662373490628, 0.0006670236955423], "2": [0.0074730961970485, 0.0002804940362203], "5": [0.0158194614811028, 0.0013308537099894], "6": [-6.07630941801441e-05, 1.13934735431616e-08], "7": [0.0179381579971207, 0.0014071680967431], "8": [0.0258082433472949, 0.0023467225299483], "9": [0.0094088819524624, 0.0003932427660856], "10": [-6.28935268563969e-05, 8.65621689597244e-12], "11": [0.0021307408096386, 0.0001459574051007], "12": [0.0057339094555772, 0.0003382286083599], "14": [0.0236976030713434, 0.001771157521079], "15": [0.0086939915959119, 0.0003761612081182], "17": [0.0092660553869077, 0.000363448968824], "21": [0.0202500146498297, 0.0012903916406055], "22": [0.0220688540580683, 0.0016822940215999], "23": [0.0060426466650548, 0.0001159691599011], "24": [0.0061926927719285, 0.0002972310487039], "25": [0.0156111154698059, 0.0012109696643024], "26": [0.0054865169565272, 0.0002965930308568], "27": [0.0102126158940631, 0.0006665145494509], "28": [0.0013423798599117, 2.82347468807625e-05], "29": [-6.28837421952315e-05, 1.21015640026491e-11], "31": [0.0148929205917518, 0.0015290202100221], "32": [0.0230729913127851, 0.0014374852042084], "34": [-6.25917639678863e-05, 2.78597322723457e-10], "35": [0.0129122083215562, 0.0008651902285437], "36": [0.0085810210993018, 0.00065804276524], "37": [0.0186407288096014, 0.0009078669545818], "38": [0.0291309534941265, 0.0019931492179998], "40": [0.0189502410278695, 0.0007455859372776], "41": [0.0049481423248091, 0.0001663659189286], "42": [0.0006743190828891, 9.32910374015882e-06], "43": [0.0092468774997382, 0.001346280490728], "44": [0.013434987061847, 0.0010258591578644], "46": [0.0227013035324728, 0.0015497236375859], "48": [0.0057837557328447, 0.0001513922570953], "49": [-6.27975318274416e-05, 2.14212391623514e-10], "52": [0.0272314203956806, 0.0020025677154568], "53": [0.0223040302648004, 0.0011930291739475], "54": [0.0001145799004521, 7.89776347037388e-07], "56": [0.0070413880649626, 0.0002221733532815], "57": [0.0013034139690139, 4.1466472215964e-05], "58": [0.0151504157199658, 0.0011378681094489], "59": [0.0149892607427358, 0.0007495044812131], "60": [0.0166732040993017, 0.0006963324724751], "61": [0.0203570653986131, 0.0011872579418281], "63": [0.006469795276476, 0.0003142704703808], "68": [0.0164270498567125, 0.001887165414783], "69": [0.0062855873168905, 0.0005045944499709], "70": [0.0028134439979104, 0.0003997713589148], "71": [0.012523171759779, 0.0018980511634658], "74": [0.0027629702730141, 9.49860613800039e-05], "75": [0.0074280317205037, 0.0002466511253633], "77": [0.019717849174341, 0.0014667941315638], "78": [0.0264318464924921, 0.0019236174209683], "79": [0.0119992624431267, 0.000362643894285], "80": [0.0027102432546245, 0.0001104615848694], "83": [0.0118601735963745, 0.0005691446273037], "84": [0.0039575495392755, 0.000198653953464], "85": [0.0008086506703925, 5.75575018016194e-05], "86": [0.0182495126120973, 0.0011784009937042], "87": [-6.27159608937492e-05, 3.7846524682954004e-10], "88": [0.0042651355020114, 0.0002339983159112], "90": [0.0103216177752853, 0.0007564708960423], "91": [0.0018061342488893, 8.04419919861446e-05], "93": [0.013442890860031, 0.000884609082172], "95": [-6.28337792929554e-05, 1.12785687230389e-10], "97": [0.0122054377776286, 0.0005911974142816], "98": [0.0033780806230272, 0.0001027588362209], "99": [0.0050855260405188, 0.0002506908216098], "100": [-6.25416092006237e-05, 1.02858398467409e-09], "101": [0.0189612006036511, 0.0009586202446897], "102": [0.0171389596784639, 0.0011973641190975], "103": [0.0032878947527667, 0.000176706480041], "106": [0.0004930137660427, 1.78224278016424e-05], "107": [0.0131008476765627, 0.0004793277530965], "108": [0.0052054715469638, 0.0001322120195956], "109": [0.0022942479372687, 3.14950637576147e-05], "110": [0.0003922460170452, 6.61824905368092e-06], "112": [0.0387193101450979, 0.0038546762556651], "114": [0.0136576795378843, 0.000815444355042], "115": [0.0116829796969633, 0.0008173437828842], "116": [0.0248744170079497, 0.0011957444604074], "117": [0.011017176940042, 0.000499905561681], "118": [0.011155198820883, 0.0005213896693054], "123": [0.0204953580916883, 0.0014491437027895], "125": [0.0187394073034489, 0.0009117626709304], "129": [0.0090208616671401, 0.0003639670260043], "130": [0.0232697423269762, 0.0016014104204714], "133": [0.0243998345407527, 0.0014801638170685], "134": [0.0132913374015417, 0.0007021091777608], "136": [0.0036393491890418, 0.000278881223043], "137": [0.0076230332617476, 0.0002860071437783], "138": [0.0076235287616191, 0.0006746423139794], "139": [0.0072308144969193, 0.0002228279297849], "140": [0.0040894899740067, 0.0001783075209134], "148": [0.0212509107327379, 0.0016562812379343], "149": [0.0154117485342981, 0.0011374180208646], "151": [0.0130815591767513, 0.0005167545678947], "152": [0.0068997001271149, 0.0004472871209004], "155": [0.0071489131080236, 0.0002254255515674], "156": [0.0265828131343344, 0.0014450526221702], "157": [0.0104188320841962, 0.0015444176609088], "158": [0.012347003092787, 0.0007022791540775], "159": [0.0244393039838564, 0.0018256704624856], "162": [0.0263042353943179, 0.0014728238649656], "164": [0.0286556237898816, 0.0025637828266052], "166": [0.0132700050194628, 0.0006918214321606], "167": [0.0082765478206028, 0.0006436906444128], "168": [0.01092606424507, 0.0006041419487947], "169": [0.0128423580402308, 0.0009877584346155], "170": [0.0082826521688335, 0.0003705052368183], "172": [3.55374057475709e-05, 4.22414172694893e-07], "173": [0.0032521220175931, 0.0002688341417046], "174": [0.0301101898304613, 0.0016081489966415], "177": [0.012144450247985, 0.0005748265699169], "178": [0.0002395862069192, 4.27791354491291e-06], "179": [0.0064589233079391, 0.0002302821958991], "181": [0.0084204254477825, 0.0004911024428771], "183": [0.0056527044298621, 0.000340569779896], "187": [0.0011759135448535, 2.17984233305797e-05], "188": [-6.28572121508948e-05, 2.8071662035295304e-09], "190": [0.0020665845152182, 2.76648334178179e-05], "191": [0.005844970385009, 0.0002339185538285], "193": [0.0006430625035705, 2.33635040472431e-05], "194": [0.0044875658523947, 0.0001783572868297], "195": [0.0012768603755597, 2.54529130006947e-05], "196": [0.0322678130136988, 0.0018113272336705], "197": [0.0238984554630106, 0.0013861854579583], "201": [0.0138376139793058, 0.0008498760204494], "202": [0.0173242163511864, 0.0013924515596279], "204": [0.0128780194750587, 0.0009341097558836], "205": [0.0158647848246676, 0.0007490643485873], "207": [0.0188735815940373, 0.0029919618236783], "209": [0.0040514250340826, 0.00057666671211], "210": [0.0052502923868733, 0.0001576083348873], "211": [0.0096602695576706, 0.0003575168862449], "212": [0.0093474035200216, 0.00047403731439], "213": [0.0200082581187661, 0.0017970195860914], "214": [0.027315018886788, 0.0017149990172755], "215": [0.0192484029686628, 0.0013346940439423], "216": [0.0145842235357772, 0.0011272267140999], "217": [0.0108209038947566, 0.0006975078939003], "218": [0.0349509337082839, 0.0029142385611108], "219": [0.01518142107194, 0.0007381677031087], "220": [0.0072956093412503, 0.0002905098654512], "222": [0.0002043621398444, 1.54619754216332e-05], "223": [0.0046008417043251, 0.0001521003421728], "224": [-6.25776320977193e-05, 2.15351624125282e-10], "225": [-9.73556812750565e-06, 2.86388587987623e-06], "226": [0.0006368985551285, 9.98915528671585e-06], "227": [0.0183959081679019, 0.0020047989339098], "228": [0.0051541343412564, 0.0001725242564278], "229": [7.0141289434398e-05, 1.96144501005324e-06], "230": [0.0056695566032044, 0.0001353768683347], "233": [0.0140004566832297, 0.0028499056538367], "234": [0.0163021296215726, 0.0009031854407417], "237": [0.0196681682087672, 0.0017700010672247], "238": [0.0027840964263377, 8.71703813055298e-05], "241": [0.0092875523081991, 0.0006262030597267], "243": [0.0067448431123661, 0.0003903097231382], "246": [0.0203911419136847, 0.0011615001964826],