transformation,nb_examples,nb_OMS,nb_IMS,total_acc,OMS_acc,IMS_acc
cw,10000,8863,1137,0.0493,0.0482906465079544,0.0571679859278803
df,10000,9193,807,0.0843,0.0825628195366039,0.104089219330855
fg,10000,5172,4828,0.1232,0.1254833720030936,0.1207539353769676
jsma,10000,9586,414,0.0099,0.0067807218860838,0.0821256038647343
