transformation,nb_examples,nb_OMS,nb_IMS,total_acc,OMS_acc,IMS_acc
cw,10000,9280,720,0.0523,0.0523706896551724,0.0513888888888888
df,10000,9542,458,0.0932,0.0931670509327185,0.093886462882096
fg,10000,5176,4824,0.1178,0.1267387944358578,0.1082089552238805
jsma,10000,9973,27,0.005,0.0049132658177078,0.037037037037037
