transformation,nb_examples,nb_OMS,nb_IMS,total_acc,OMS_acc,IMS_acc
cw,10000,8005,1995,0.0523,0.057214241,0.032581454
df,10000,8802,1198,0.0932,0.09622813,0.070951586
fg,10000,4992,5008,0.1178,0.123798077,0.111821086
jsma,10000,9993,7,0.005,0.005003502,0
auto,10000,9989,11,0.0333,0.03333667,0
