transformation,nb_examples,nb_OMS,nb_IMS,total_acc,OMS_acc,IMS_acc
cw,10000,8497,1503,0.0562,0.05696128,0.051896208
df,10000,8957,1043,0.0937,0.092330021,0.105465005
fg,10000,4932,5068,0.0982,0.106447689,0.090173639
jsma,10000,9423,577,0.0068,0.006367399,0.013864818
auto,10000,9992,8,0.0354,0.035428343,0
