{"0": [-0.0019561444080142, 0.0002884967928249], "5": [-0.0047709931922653, 7.09641784997929e-05], "6": [0.0030095767989204, 0.0017349758621909], "7": [0.0060480681762799, 0.0011144638175305], "8": [0.0054936161643339, 0.0006906043193033], "9": [-0.0037401724630723, 0.0002015386595414], "10": [-0.0067898595232632, 1.25331193549865e-09], "12": [-0.0026250855125072, 0.0002283914225887], "13": [0.0011491478515082, 0.0002310730944113], "14": [0.006752509715988, 0.0008683930746681], "16": [0.0307059978429466, 0.0037609095881871], "18": [0.0052878280565481, 0.0008203500162711], "21": [0.0028898634013683, 0.0005190985505507], "23": [0.0126014834377909, 0.0010997429027916], "24": [0.0077563886471312, 0.0008579752073531], "25": [0.0032389017865549, 0.0010921172078747], "27": [0.010117193528647, 0.0007434353330373], "28": [-0.0067899377034295, 8.54555055648569e-11], "29": [0.0220560204366018, 0.0022360476901716], "30": [0.0059348174392063, 0.0005125684968064], "31": [0.0073319059636127, 0.0007287539895676], "32": [0.011274281656803, 0.0014282489216437], "34": [-0.0055802872963581, 4.71706078503215e-05], "36": [0.0089081385831791, 0.0008243978263181], "37": [0.020612314623459, 0.0010560907555431], "38": [-0.0051528641408181, 6.98144438202673e-05], "39": [-0.0067852134725054, 9.598639544817911e-09], "40": [0.018174582432147, 0.0037250970225042], "41": [0.0016116534827648, 0.0007709664541288], "42": [0.0436313070218225, 0.0052021724104512], "45": [0.0175076251623762, 0.0031923787356716], "47": [0.00770999769868, 0.001557789583712], "48": [0.0185773249911442, 0.0017895370504084], "49": [0.0034107608395893, 0.0006042799768909], "50": [-0.0005382151841174, 0.0001990083460166], "52": [-0.0045102149945989, 5.82083556533616e-05], "53": [-0.0016427695631878, 0.0002940191181514], "57": [-0.0040929376857824, 0.0002071710547595], "58": [0.014295691121716, 0.0020455752711809], "59": [-0.0066528505957326, 5.10049008055453e-07], "65": [-0.0034968393370469, 0.0001547237356244], "71": [0.0053876914241514, 0.0009218334713932], "72": [-0.0067892883310153, 2.84219579677028e-09], "74": [0.0024538735696476, 0.0008186344738097], "77": [-0.0009354477275373, 0.0005027103268639], "78": [0.0010345559836389, 0.0004775771889394], "80": [0.007279545600195, 0.0010502040992811], "81": [0.0322506284605177, 0.0031382257081205], "86": [0.0236321801723948, 0.0020571569561369], "89": [0.0024368429688461, 0.0013358017322298], "92": [-0.0047389520583746, 3.78310112578965e-05], "93": [-0.0033676345908452, 0.000115728464204], "94": [0.0218149341338675, 0.0020155445011316], "95": [0.0006843058648944, 0.0005218034120665], "96": [-0.0033871133237862, 0.0001099655094926], "98": [0.0102071202051675, 0.0011910825021414], "99": [0.0198996774775734, 0.0021680307795113], "103": [0.0085961981443507, 0.0012886583370056], "105": [-0.0067578934770844, 1.26027724708575e-07], "107": [0.0186701831621143, 0.0017072177736364], "108": [-0.0065250460791294, 1.51392811917908e-05], "110": [0.0085434488093627, 0.0011668668345598], "111": [0.0020699708946285, 0.0006968529355405], "112": [0.0002514474559125, 0.0003651388387166], "113": [-0.0063463684375485, 1.19675712123619e-05], "117": [0.001227160515066, 0.000403542168803], "119": [-0.0002123016122564, 0.0003388139444825], "122": [0.0012819082173176, 0.0004271221998282], "123": [0.01151296289333, 0.0014430975052594], "124": [0.0148571232774621, 0.0021147014407528], "125": [0.0005529220807736, 0.0001665257364765], "126": [-0.0062584148804953, 2.25568066236226e-05], "127": [-0.0066084024018084, 1.84543533010583e-06], "128": [0.0103890787194586, 0.0009201225230117], "129": [0.000601499587026, 0.0007596020856348], "130": [0.0063521631764551, 0.0011764806134778], "133": [0.0022879248557576, 0.0007929395665529], "134": [-0.0066166500525086, 2.8427264640868e-06], "135": [0.0135615597225251, 0.0016973316303979], "136": [0.0011351923042051, 0.0007145111586546], "137": [-0.0067524419773947, 5.7054550309019e-07], "143": [0.0153069826202119, 0.0020546587023273], "147": [-0.0066480085682795, 1.15756980531843e-06], "148": [-0.0048097224271786, 7.76666324159635e-05], "149": [0.0131844071118161, 0.0014808846503746], "151": [-0.0064248841474052, 1.38067231039109e-05], "152": [0.0077481464996305, 0.0008067079413858], "153": [0.0023722811662097, 0.000866861337043], "154": [0.0171591178053662, 0.0026688352879898], "155": [0.0043238219454266, 0.0009163225695102], "156": [0.0036802496952182, 0.0010221009352216], "158": [0.0278310268748106, 0.0023705162977449], "159": [-0.0005393457112618, 0.0004963234945037], "160": [-0.0067593030879823, 6.29195664275654e-08], "161": [0.0132895876628744, 0.0025670659827029], "162": [0.0005249812339355, 0.0002734609397282], "165": [0.0001364213429996, 0.0005888005594046], "166": [0.0174243322892288, 0.0022936887406274], "168": [0.0005029042869828, 0.0004766127355733], "170": [0.0193554474858947, 0.0017223928328826], "171": [0.0117802954753074, 0.0011088366057883], "173": [-0.0055140357629079, 2.76400622912005e-05], "175": [0.0103832282671346, 0.0016097785029535], "176": [-0.0043858360966267, 6.72584070992219e-05], "178": [0.0106412878243358, 0.0019086165144299], "179": [0.0142624116897237, 0.0010465248825294], "181": [0.0193135498302263, 0.0019308369399527], "183": [0.0158195729181426, 0.0017070846832081], "185": [-0.0057151503379853, 2.42393278849555e-05], "186": [0.0153480111252847, 0.0015674535758533], "187": [-0.0017254038032999, 0.0002623154622796], "188": [-0.0065637248563321, 1.91393178811015e-06], "189": [0.0017370088994289, 0.0004154255623848], "190": [0.0260072249070697, 0.0038262567408522], "191": [0.0010479438654157, 0.0002648523683457], "193": [-0.0048880955533296, 6.9073706874641e-05], "194": [-0.006781057429264, 2.20437741567212e-08], "195": [0.0332926077304974, 0.0041715588914323], "196": [0.035398211758995, 0.0035919375651089], "198": [0.0035895287438603, 0.0006427245659614], "201": [-0.0026802797869709, 0.0001665281562814], "202": [-0.006720252677929, 6.02988740846867e-07], "203": [-0.0050038004849765, 9.48679332661301e-05], "206": [0.0117685438312859, 0.0019607960128114], "208": [0.0138334412120521, 0.0015178389984778], "210": [0.0017183985790888, 0.000827777364058], "211": [-0.0039536624601543, 0.000237116915281], "215": [0.0148684720693654, 0.0011963513905432], "218": [0.0152801607579606, 0.0014763407434946], "221": [0.0048267104246946, 0.0009247358963334], "223": [0.0101671195421664, 0.0012200723823267], "225": [0.0021841621337634, 0.0014707484664996], "228": [0.0164487833009222, 0.0021112085738524], "229": [0.012433041246085, 0.0014215457519583], "235": [0.0108597057782894, 0.0013628108781134], "237": [0.0090321086814102, 0.0013400392014582], "238": [-0.006777729200416, 3.34926175695892e-08], "239": [0.0059171538818023, 0.0020301281488682], "240": [0.0075839565898459, 0.0018881883661361], "241": [0.0205726420841763, 0.0019259691580239], "243": [-0.0053491829897236, 3.58770366841219e-05], "244": [0.0237108312552658, 0.0012956714317216], "245": [0.0297738447352803, 0.0032949941630746], "246": [0.0039088846001829, 0.0005244382552101], "247": [-0.0061613471431241, 2.66740874682564e-05], "248": [-0.0062047619795937, 9.60514320488654e-06], "255": [0.0182411750021254, 0.0025717544800555]}