set_name,nb_OMS,nb_IMS,OMS_percent,IMS_percent,acc_total,acc_OMS,acc_IMS
svhn,22827,3205,0.8768822987092809,0.1231177012907191,0.1155885064535955,0.114688745783502,0.121996879875195
dtd,1368,512,0.7276595744680852,0.2723404255319149,0.0984042553191489,0.1001461988304093,0.09375
places,30392,6108,0.8326575342465753,0.1673424657534246,0.0980273972602739,0.0972295340879178,0.1019973804846103
