set_name,nb_OMS,nb_IMS,OMS_percent,IMS_percent,acc_total,acc_OMS,acc_IMS
train,2288,42712,0.0508444444444444,0.9491555555555556,0.9977555555555556,0.9680944055944056,0.9993444465255664
test,1391,8609,0.1391,0.8609,0.9378,0.6887131560028756,0.978046230688814
