set_name,nb_OMS,nb_IMS,OMS_percent,IMS_percent,acc_total,acc_OMS,acc_IMS
cw,8712,1288,0.8712,0.1288,0.0523,0.052226814,0.052795031
df,9197,803,0.9197,0.0803,0.0932,0.092747635,0.098381071
fg,5569,4431,0.5569,0.4431,0.1178,0.119590591,0.115549537
jsma,9765,235,0.9765,0.0235,0.005,0.004505888,0.025531915
auto,7,9993,0.0007,0.9993,0.0333,0,0.033323326
