set_name,nb_OMS,nb_IMS,OMS_percent,IMS_percent,acc_total,acc_OMS,acc_IMS
cw,8712,1288,0.8712,0.1288,0.0523,0.0522268135904499,0.0527950310559006
df,9197,803,0.9197,0.0803,0.0932,0.0927476350984016,0.0983810709838107
fg,5569,4431,0.5569,0.4431,0.1178,0.1195905907703357,0.1155495373504852
jsma,9765,235,0.9765,0.0235,0.005,0.0045058883768561,0.025531914893617
