set_name,nb_OMS,nb_IMS,OMS_percent,IMS_percent,acc_total,acc_OMS,acc_IMS
svhn,22828,3204,0.8769207129686539,0.123079287031346,0.1155885064535955,0.1146837217452251,0.1220349563046192
dtd,1368,512,0.7276595744680852,0.2723404255319149,0.0984042553191489,0.1001461988304093,0.09375
places,30394,6106,0.8327123287671233,0.1672876712328767,0.0980273972602739,0.0972560373757978,0.1018670160497871
