transformation,nb_examples,nb_OMS,nb_IMS,total_acc,OMS_acc,IMS_acc
cw,10000,7888,2112,0.0562,0.0599645030425963,0.0421401515151515
df,10000,8470,1530,0.0937,0.0936245572609209,0.0941176470588235
fg,10000,4726,5274,0.0982,0.1057977147693609,0.0913917330299582
jsma,10000,9157,843,0.0068,0.0063339521677405,0.0118623962040332
