set_name,nb_OMS,nb_IMS,OMS_percent,IMS_percent,acc_total,acc_OMS,acc_IMS
cw,8204,1796,0.8204,0.1796,0.0493,0.048878596,0.051224944
df,8588,1412,0.8588,0.1412,0.0843,0.083255706,0.090651558
fg,5711,4289,0.5711,0.4289,0.1232,0.118893364,0.128934484
jsma,9399,601,0.9399,0.0601,0.0099,0.006277264,0.06655574
auto,15,9985,0.0015,0.9985,0.0329,0.066666667,0.032849274
