set_name,nb_OMS,nb_IMS,OMS_percent,IMS_percent,acc_total,acc_OMS,acc_IMS
train,2294,42706,0.0509777777777777,0.9490222222222222,0.9969555555555556,0.9590235396687008,0.9989931157214444
test,1292,8708,0.1292,0.8708,0.938,0.6958204334365325,0.9739320165365182
