set_name,nb_OMS,nb_IMS,OMS_percent,IMS_percent,acc_total,acc_OMS,acc_IMS
cw,8183,1817,0.8183,0.1817,0.0493,0.048881828,0.051183269
df,8563,1437,0.8563,0.1437,0.0843,0.083031648,0.091858038
fg,5713,4287,0.5713,0.4287,0.1232,0.11920182,0.128528108
jsma,9398,602,0.9398,0.0602,0.0099,0.006277931,0.066445183
auto,15,9985,0.0015,0.9985,0.0329,0.066666667,0.032849274
