set_name,nb_OMS,nb_IMS,OMS_percent,IMS_percent,acc_total,acc_OMS,acc_IMS
svhn,19811,6221,0.7610248924400738,0.2389751075599262,0.1083282114320835,0.1137246983998788,0.0911429030702459
dtd,1702,178,0.9053191489361702,0.0946808510638297,0.0946808510638297,0.0957696827262044,0.0842696629213483
places,30706,5794,0.8412602739726027,0.1587397260273972,0.1008767123287671,0.0998501921448576,0.1063168795305488
