set_name,nb_OMS,nb_IMS,OMS_percent,IMS_percent,acc_total,acc_OMS,acc_IMS
cw,8183,1817,0.8183,0.1817,0.0493,0.0488818281803739,0.0511832691249312
df,8563,1437,0.8563,0.1437,0.0843,0.0830316477869905,0.0918580375782881
fg,5713,4287,0.5713,0.4287,0.1232,0.1192018204095921,0.1285281082341964
jsma,9398,602,0.9398,0.0602,0.0099,0.0062779314747818,0.0664451827242525
