transformation,nb_examples,nb_OMS,nb_IMS,total_acc,OMS_acc,IMS_acc
svhn,26032,19909,6123,0.1155885064535955,0.1106032447636747,0.1317981381675649
dtd,1880,1259,621,0.0877659574468085,0.0873709293089753,0.0885668276972624
places,36500,29321,7179,0.0996712328767123,0.0991439582551754,0.1018247666805961
