transformation,nb_examples,nb_OMS,nb_IMS,total_acc,OMS_acc,IMS_acc
cw,10000,9255,745,0.0523,0.0529443544030253,0.0442953020134228
df,10000,9588,412,0.0932,0.0937630371297455,0.0800970873786407
fg,10000,5259,4741,0.1178,0.1245483932306522,0.1103142796878295
jsma,10000,9987,13,0.005,0.0049063782917793,0.0769230769230769
