transformation,nb_examples,nb_OMS,nb_IMS,total_acc,OMS_acc,IMS_acc
cw,10000,8223,1777,0.0493,0.0508330293080384,0.0422059651097355
df,10000,8764,1236,0.0843,0.0831811958010041,0.0922330097087378
fg,10000,5197,4803,0.1232,0.1235328073888782,0.1228398917343327
jsma,10000,9585,415,0.0099,0.0070944183620239,0.0746987951807229
