set_name,nb_OMS,nb_IMS,OMS_percent,IMS_percent,acc_total,acc_OMS,acc_IMS
cw,7652,2348,0.7652,0.2348,0.0562,0.059722948,0.04471891
df,8150,1850,0.815,0.185,0.0937,0.091411043,0.103783784
fg,5082,4918,0.5082,0.4918,0.0982,0.095828414,0.100650671
jsma,9809,191,0.9809,0.0191,0.0068,0.006626567,0.015706806
auto,2,9998,0.0002,0.9998,0.0354,0,0.035407081
