set_name,nb_OMS,nb_IMS,OMS_percent,IMS_percent,acc_total,acc_OMS,acc_IMS
train,2302,42698,0.0511555555555555,0.9488444444444444,0.9981333333333332,0.974370112945265,0.9994144924820836
test,1380,8620,0.138,0.862,0.9304,0.6630434782608695,0.973201856148492
