set_name,nb_OMS,nb_IMS,OMS_percent,IMS_percent,acc_total,acc_OMS,acc_IMS
cw,7655,2345,0.7655,0.2345,0.0562,0.059699543,0.044776119
df,8151,1849,0.8151,0.1849,0.0937,0.091399828,0.103839913
fg,5084,4916,0.5084,0.4916,0.0982,0.095987411,0.100488202
jsma,9809,191,0.9809,0.0191,0.0068,0.006626567,0.015706806
auto,2,9998,0.0002,0.9998,0.0354,0,0.035407081
