set_name,nb_OMS,nb_IMS,OMS_percent,IMS_percent,acc_total,acc_OMS,acc_IMS
cw,7655,2345,0.7655,0.2345,0.0562,0.0596995427824951,0.044776119402985
df,8151,1849,0.8151,0.1849,0.0937,0.0913998282419335,0.1038399134667387
fg,5084,4916,0.5084,0.4916,0.0982,0.0959874114870181,0.1004882017900732
jsma,9809,191,0.9809,0.0191,0.0068,0.006626567438067,0.0157068062827225
