set_name,nb_OMS,nb_IMS,OMS_percent,IMS_percent,acc_total,acc_OMS,acc_IMS
svhn,23254,2778,0.8932851874615857,0.1067148125384142,0.1132452366318377,0.1116367076631977,0.1267098632109431
dtd,1611,269,0.8569148936170212,0.1430851063829787,0.0904255319148936,0.0887647423960273,0.1003717472118959
places,30778,5722,0.8432328767123287,0.1567671232876712,0.1010410958904109,0.1005913314705309,0.1034603285564488
