set_name,nb_OMS,nb_IMS,OMS_percent,IMS_percent,acc_total,acc_OMS,acc_IMS
train,7719,92281,0.07719,0.92281,0.96918,0.7455628967482835,0.987884830030017
test,1491,8509,0.1491,0.8509,0.8964,0.5412474849094567,0.9586320366670584
