set_name,nb_OMS,nb_IMS,OMS_percent,IMS_percent,acc_total,acc_OMS,acc_IMS
train,7688,92312,0.07688,0.92312,0.96918,0.7522112382934444,0.9872497616777884
test,1456,8544,0.1456,0.8544,0.8964,0.5508241758241759,0.9552902621722846
