set_name,nb_OMS,nb_IMS,OMS_percent,IMS_percent,acc_total,acc_OMS,acc_IMS
cw,8204,1796,0.8204,0.1796,0.0493,0.0488785958069234,0.0512249443207126
df,8588,1412,0.8588,0.1412,0.0843,0.0832557056357708,0.0906515580736544
fg,5711,4289,0.5711,0.4289,0.1232,0.1188933636841183,0.128934483562602
jsma,9399,601,0.9399,0.0601,0.0099,0.0062772635386743,0.0665557404326123
