set_name,nb_OMS,nb_IMS,OMS_percent,IMS_percent,acc_total,acc_OMS,acc_IMS
svhn,19839,6193,0.7621004917025199,0.23789950829748,0.1083282114320835,0.1136145975099551,0.0913935088002583
dtd,1700,180,0.9042553191489362,0.0957446808510638,0.1047872340425531,0.1064705882352941,0.0888888888888888
places,30708,5792,0.8413150684931506,0.1586849315068493,0.1003835616438356,0.1007555034518692,0.0984116022099447
