set_name,nb_OMS,nb_IMS,OMS_percent,IMS_percent,acc_total,acc_OMS,acc_IMS
train,2290,42710,0.0508888888888888,0.9491111111111112,0.9969555555555556,0.959825327510917,0.998946382580192
test,1286,8714,0.1286,0.8714,0.938,0.6944012441679627,0.9739499655726416
