set_name,nb_OMS,nb_IMS,OMS_percent,IMS_percent,acc_total,acc_OMS,acc_IMS
cw,8177,1823,0.8177,0.1823,0.0493,0.048550813,0.05266045
df,8570,1430,0.857,0.143,0.0843,0.082847141,0.093006993
fg,5731,4269,0.5731,0.4269,0.1232,0.11882743,0.12907004
jsma,9404,596,0.9404,0.0596,0.0099,0.006273926,0.067114094
auto,19,9981,0.0019,0.9981,0.0329,0.105263158,0.032762248
