set_name,nb_OMS,nb_IMS,OMS_percent,IMS_percent,acc_total,acc_OMS,acc_IMS
cw,8177,1823,0.8177,0.1823,0.0493,0.0485508132566956,0.0526604498080087
df,8570,1430,0.857,0.143,0.0843,0.0828471411901983,0.093006993006993
fg,5731,4269,0.5731,0.4269,0.1232,0.1188274297679288,0.1290700398219723
jsma,9404,596,0.9404,0.0596,0.0099,0.0062739259889408,0.0671140939597315
