set_name,nb_OMS,nb_IMS,OMS_percent,IMS_percent,acc_total,acc_OMS,acc_IMS
svhn,18853,7179,0.7242240319606638,0.2757759680393362,0.1083282114320835,0.1149949610141622,0.090820448530436
dtd,1692,188,0.9,0.1,0.1047872340425531,0.1075650118203309,0.0797872340425532
places,30514,5986,0.836,0.164,0.1003835616438356,0.1006750999541194,0.0988974273304376
