set_name,nb_OMS,nb_IMS,OMS_percent,IMS_percent,acc_total,acc_OMS,acc_IMS
cw,7652,2348,0.7652,0.2348,0.0562,0.0597229482488238,0.0447189097103918
df,8150,1850,0.815,0.185,0.0937,0.0914110429447852,0.1037837837837837
fg,5082,4918,0.5082,0.4918,0.0982,0.0958284140102321,0.1006506710044733
jsma,9809,191,0.9809,0.0191,0.0068,0.006626567438067,0.0157068062827225
