set_name,nb_OMS,nb_IMS,OMS_percent,IMS_percent,acc_total,acc_OMS,acc_IMS
svhn,23253,2779,0.8932467732022127,0.1067532267977873,0.1132452366318377,0.1116415086225433,0.1266642677222022
dtd,1611,269,0.8569148936170212,0.1430851063829787,0.0984042553191489,0.0980757293606455,0.1003717472118959
places,30773,5727,0.8430958904109589,0.1569041095890411,0.0974520547945205,0.0984954343092971,0.0918456434433385
