set_name,nb_OMS,nb_IMS,OMS_percent,IMS_percent,acc_total,acc_OMS,acc_IMS
train,2288,42712,0.0508444444444444,0.9491555555555556,0.9981333333333332,0.9759615384615384,0.9993210339014796
test,1371,8629,0.1371,0.8629,0.9304,0.6637490882567469,0.972766253331788
