set_name,nb_OMS,nb_IMS,OMS_percent,IMS_percent,acc_total,acc_OMS,acc_IMS
cw,7432,2568,0.7432,0.2568,0.0562,0.060010764,0.04517134
df,7956,2044,0.7956,0.2044,0.0937,0.092257416,0.099315068
fg,5055,4945,0.5055,0.4945,0.0982,0.095548961,0.10091001
jsma,9824,176,0.9824,0.0176,0.0068,0.00661645,0.017045455
auto,2,9998,0.0002,0.9998,0.0354,0,0.035407081
