set_name,nb_OMS,nb_IMS,OMS_percent,IMS_percent,acc_total,acc_OMS,acc_IMS
svhn,22878,3154,0.878841425937308,0.121158574062692,0.1132452366318377,0.1109799807675496,0.1296766011414077
dtd,1638,242,0.8712765957446809,0.1287234042553191,0.0984042553191489,0.0995115995115995,0.0909090909090909
places,30719,5781,0.8416164383561644,0.1583835616438356,0.0974520547945205,0.0987011295940623,0.0908147379346134
