set_name,nb_OMS,nb_IMS,OMS_percent,IMS_percent,acc_total,acc_OMS,acc_IMS
cw,7432,2568,0.7432,0.2568,0.0562,0.060010764262648,0.0451713395638629
df,7956,2044,0.7956,0.2044,0.0937,0.0922574157868275,0.0993150684931506
fg,5055,4945,0.5055,0.4945,0.0982,0.0955489614243323,0.1009100101112234
jsma,9824,176,0.9824,0.0176,0.0068,0.0066164495114006,0.0170454545454545
